"","country","continent","2000","2001","2002","2003","2004","2005","2006","2007","2008","2009","2010","2011","2012"
"1","Afghanistan","Asia",16.6881818181818,15.7780833333333,15.5376666666667,14.916,15.7709166666667,14.98,15.5955833333333,15.1061666666667,15.2165,15.25775,15.8286666666667,15.518,14.4815833333333
"2","Albania","Europe",14.9601818181818,13.6904166666667,13.5599166666667,13.6265833333333,13.2581666666667,12.7470833333333,12.9769166666667,13.8905,13.9551666666667,13.84425,13.7754166666667,13.44325,13.76825
"3","Algeria","Africa",25.1933636363636,24.7244166666667,24.263,24.3936666666667,23.916,24.2225833333333,24.2008333333333,24.0653333333333,23.95025,24.1543333333333,25.2156666666667,24.1441666666667,23.9548333333333
"4","American Samoa","Oceania",27.2033636363636,27.2275833333333,27.5379166666667,27.2648333333333,27.2811666666667,27.3735,27.08125,27.4524166666667,26.9950833333333,27.03425,27.4534166666667,27.0095,27.2014166666667
"5","Andorra","Europe",13.1334545454545,12.2160833333333,12.3195833333333,12.9006666666667,12.043,11.6434166666667,12.8343333333333,12.15525,11.9785833333333,12.5666666666667,11.4808333333333,12.9944166666667,12.3399166666667
"6","Angola","Africa",22.3723636363636,22.5029166666667,22.9255,23.0665833333333,22.5728333333333,22.9660833333333,21.9470833333333,22.4270833333333,22.2873333333333,22.3165,22.6815,22.0296666666667,22.1233333333333
"7","Anguilla","Americas",27.2440909090909,27.4085,27.53825,27.6774166666667,27.334,27.7323333333333,27.63625,27.6850833333333,27.1404166666667,27.4685833333333,27.856,27.5283333333333,27.63925
"8","Argentina","Americas",14.0830909090909,15.3704166666667,15.18375,15.5183333333333,15.4421666666667,15.1128333333333,15.5610833333333,14.6280833333333,15.476,15.5344166666667,15.0788333333333,15.3396666666667,15.689
"9","Armenia","Asia",11.1454545454545,10.4434166666667,9.605,9.42308333333333,9.72016666666667,9.73541666666667,10.0535,9.53525,9.70675,9.84208333333333,11.5095,9.136,10.35075
"10","Aruba","Americas",28.3348181818182,28.6309166666667,28.84925,28.8496666666667,28.506,28.77225,28.8046666666667,28.8228333333333,28.45025,28.832,28.9683333333333,28.5133333333333,28.6523333333333
"11","Australia","Oceania",21.2222727272727,21.79275,22.4608333333333,22.4403333333333,22.2869166666667,22.8968333333333,22.2644166666667,22.48675,22.2259166666667,22.6905833333333,22.0781666666667,21.767,22.0245
"12","Austria","Europe",9.23790909090909,7.18891666666667,7.91525,7.50933333333333,6.90608333333333,6.6095,7.27758333333333,7.9765,7.80191666666667,7.616,6.64908333333333,7.85558333333333,7.61133333333333
"13","Azerbaijan","Asia",13.7231818181818,13.09725,12.43225,11.98475,12.6195,12.68725,12.71225,12.5148333333333,12.3655,12.6116666666667,13.9626666666667,11.8086666666667,13.08675
"14","Bahamas","Americas",25.8150909090909,25.5806666666667,26.11625,26.1803333333333,25.84975,25.8016666666667,25.71575,26.03475,25.89975,25.7691666666667,25.2291666666667,26.00325,25.8164166666667
"15","Bahrain","Asia",28.0132727272727,27.431,27.2664166666667,27.3706666666667,27.15025,26.9831666666667,27.22125,27.2160833333333,27.0330833333333,27.3103333333333,28.0696666666667,27.1038333333333,27.5293333333333
"16","Bangladesh","Asia",25.7794545454545,25.337,25.3803333333333,25.2808333333333,25.3863333333333,25.532,25.7656666666667,25.34375,25.3895,25.9049166666667,25.9403333333333,25.2050833333333,25.5335833333333
"17","Barbados","Americas",27.0239090909091,27.2218333333333,27.2660833333333,27.4400833333333,27.2254166666667,27.6771666666667,27.50225,27.3664166666667,27.0038333333333,27.3203333333333,27.8446666666667,27.39525,27.3466666666667
"18","Belarus","Europe",9.02463636363636,7.09225,7.70191666666667,6.72491666666667,6.90583333333333,6.96808333333333,6.99208333333333,7.92816666666667,8.13075,7.19641666666667,7.03725,7.5885,6.83516666666667
"19","Belgium","Europe",11.7387272727273,10.5433333333333,11.03575,10.87025,10.4525833333333,10.7278333333333,11.09525,11.1455,10.5049166666667,10.6285,9.36175,11.3053333333333,10.3518333333333
"20","Belize","Americas",25.5586363636364,25.5239166666667,25.7873333333333,25.8653333333333,25.7440833333333,25.919,25.7085,25.85875,25.5246666666667,25.90775,25.5023333333333,25.84275,25.7344166666667
"21","Benin","Africa",27.6153636363636,27.6758333333333,27.8195,27.9645833333333,27.872,28.1533333333333,28.1443333333333,28.0705,27.6909166666667,28.1560833333333,28.3255833333333,28.0611666666667,27.7518333333333
"22","Bhutan","Asia",12.7266363636364,12.42575,12.1803333333333,12.2325833333333,12.2080833333333,12.4459166666667,12.854,12.6995,12.4563333333333,13.11475,12.94725,12.40025,12.27975
"23","Botswana","Africa",21.6710909090909,22.3505,22.9856666666667,23.3951666666667,22.3460833333333,23.3688333333333,21.804,22.4005,22.3111666666667,22.13975,22.7301666666667,21.9550833333333,22.4000833333333
"24","Brazil","Americas",25.155,25.5044166666667,25.8003333333333,25.621,25.4965,25.806,25.517,25.668,25.4103333333333,25.6005833333333,25.8124166666667,25.4289166666667,25.7170833333333
"25","Bulgaria","Europe",13.268,11.6238333333333,11.6803333333333,10.953,11.2416666666667,10.7815833333333,11.1175833333333,12.314,11.98775,11.894,11.7663333333333,11.0478333333333,12.0275833333333
"26","Burkina Faso","Africa",28.7157272727273,28.7321666666667,28.9781666666667,28.8835,28.9891666666667,29.2383333333333,28.92025,28.98325,28.4895833333333,29.083,29.28875,29.0606666666667,28.63
"27","Burundi","Africa",20.6125454545455,20.5103333333333,20.7498333333333,20.9313333333333,20.9604166666667,21.4421666666667,21.0663333333333,20.5809166666667,20.5679166666667,20.76425,21.06875,20.5459166666667,20.75425
"28","Cambodia","Asia",27.1554545454545,27.2458333333333,27.5554166666667,27.2994166666667,27.1794166666667,27.39,27.4139166666667,27.2418333333333,26.8970833333333,27.25275,27.87525,27.0035,27.80625
"29","Cameroon","Africa",24.6010909090909,24.6519166666667,24.95025,25.0123333333333,25.1708333333333,25.2678333333333,25.2934166666667,25.2098333333333,25.1210833333333,25.4073333333333,25.46475,24.8765833333333,24.877
"30","Canada","Americas",-2.37281818181818,-3.10008333333333,-4.36283333333333,-3.8595,-4.92308333333333,-3.30875,-2.46016666666667,-4.06091666666667,-4.29525,-4.13508333333333,-1.88791666666667,-3.55708333333333,-3.17683333333333
"31","Cayman Islands","Americas",27.3590909090909,27.3091666666667,27.72275,27.6510833333333,27.5859166666667,27.5510833333333,27.49475,27.6239166666667,27.3771666666667,27.49275,27.0344166666667,27.4421666666667,27.12125
"32","Central African Republic","Africa",25.6514545454545,25.7101666666667,25.8194166666667,26.0148333333333,26.14,26.3321666666667,26.2050833333333,26.0678333333333,25.9686666666667,26.5109166666667,26.3298333333333,25.63875,25.6395
"33","Chad","Africa",27.8708181818182,27.63525,27.7728333333333,27.8780833333333,28.0174166666667,28.21125,28.048,27.8601666666667,27.7025,28.32425,28.6965,27.7848333333333,27.7011666666667
"34","Chile","Americas",9.14036363636364,9.81966666666667,9.74241666666667,10.0784166666667,10.2058333333333,9.89183333333333,10.174,9.48991666666667,10.1625,9.99441666666667,9.71283333333333,10.03225,10.2725833333333
"35","China","Asia",8.64645454545454,7.59641666666667,7.79566666666667,7.522,7.71275,7.4135,7.948,8.12675,7.56608333333333,7.8095,7.54841666666667,7.35708333333333,7.07708333333333
"36","Colombia","Americas",25.0509090909091,25.4119166666667,25.57075,25.6553333333333,25.5539166666667,25.6708333333333,25.4765833333333,25.494,25.1539166666667,25.6183333333333,25.6876666666667,25.2469166666667,25.3813333333333
"37","Comoros","Africa",25.8593636363636,26.41425,26.65775,26.6005,26.3919166666667,26.6821666666667,26.4658333333333,26.6045833333333,26.18825,26.59325,26.7868333333333,26.454,26.38325
"38","Congo","Africa",24.7605454545455,24.7329166666667,25.0476666666667,25.05675,25.1281666666667,25.2689166666667,25.2826666666667,25.22975,25.2924166666667,25.34925,25.5594166666667,24.7750833333333,24.8735
"39","Costa Rica","Americas",26.1439090909091,26.1143333333333,26.30675,26.5775,26.5285,26.40425,26.5149166666667,26.3829166666667,26.0560833333333,26.5229166666667,26.22675,26.1134166666667,26.282
"40","Croatia","Europe",14.4425454545455,12.411,12.8989166666667,12.567,11.9194166666667,11.37625,12.2416666666667,13.0665,12.9770833333333,12.8750833333333,11.9608333333333,12.7551666666667,12.9735
"41","Cuba","Americas",26.0885454545455,25.8564166666667,26.313,26.3615833333333,26.2689166666667,26.1440833333333,26.1545,26.27975,26.05475,26.0223333333333,25.6273333333333,26.153,26.059
"42","Cyprus","Asia",20.2762727272727,20.01175,19.7291666666667,19.7350833333333,19.59575,19.5870833333333,19.5401666666667,19.9453333333333,20.14475,20.1573333333333,20.952,19.6819166666667,20.012
"43","Czech Republic","Europe",10.7295454545455,8.37883333333333,9.20366666666667,8.87133333333333,8.44591666666667,8.32791666666667,8.86533333333333,9.60133333333333,9.41475,8.96566666666667,7.75225,9.17216666666667,8.92758333333333
"44","Denmark","Europe",-15.8173636363636,-17.06775,-16.2910833333333,-15.7470833333333,-16.7705833333333,-15.643,-16.5743333333333,-16.5330833333333,-16.8433333333333,-16.7831666666667,-15.08575,-16.6414166666667,-16.2609166666667
"45","Djibouti","Africa",30.3412727272727,29.4769166666667,29.5315833333333,29.7578333333333,29.5409166666667,29.8085833333333,29.7774166666667,29.7863333333333,29.33925,29.89675,29.837,29.8443333333333,29.9235833333333
"46","Dominica","Americas",26.7197272727273,26.9021666666667,26.9356666666667,27.08,26.8296666666667,27.31925,27.1485833333333,27.0944166666667,26.6646666666667,26.9505,27.4868333333333,26.9878333333333,27.1123333333333
"47","Dominican Republic","Americas",26.1144545454545,26.3406666666667,26.58125,26.6263333333333,26.35875,26.5211666666667,26.5856666666667,26.626,26.19925,26.4230833333333,26.4555833333333,26.25075,26.3400833333333
"48","Ecuador","Americas",22.0250909090909,22.2360833333333,22.7636666666667,22.6683333333333,22.6479166666667,22.5295,22.6031666666667,22.35975,22.22425,22.6771666666667,22.6399166666667,22.3366666666667,22.4459166666667
"49","Egypt","Africa",23.7598181818182,23.6163333333333,23.71625,23.4964166666667,23.5110833333333,23.52025,23.5056666666667,23.5843333333333,23.9079166666667,23.735,25.1519166666667,23.3314166666667,23.7709166666667
"50","El Salvador","Americas",25.5465454545455,25.4929166666667,25.7104166666667,25.7240833333333,25.7425833333333,25.6228333333333,25.7585,25.4751666666667,25.24825,25.7875833333333,25.4586666666667,25.5496666666667,25.5603333333333
"51","Equatorial Guinea","Africa",25.1487272727273,25.20725,25.5265,25.6274166666667,25.5941666666667,25.6239166666667,25.7854166666667,25.7736666666667,25.76875,25.8328333333333,25.9025,25.5456666666667,25.5368333333333
"52","Eritrea","Africa",27.8945454545455,27.4105833333333,27.6394166666667,27.72975,27.5775,27.69,27.492,27.4854166666667,27.5943333333333,28.0925833333333,28.0541666666667,27.58575,27.8800833333333
"53","Estonia","Europe",7.92263636363636,5.973,6.21158333333333,5.66216666666667,5.94083333333333,6.00141666666667,6.53183333333333,6.83083333333333,7.26783333333333,6.06183333333333,5.043,6.86533333333333,5.486
"54","Ethiopia","Africa",23.9192727272727,23.6615,23.82325,23.8571666666667,23.7786666666667,23.8969166666667,23.7780833333333,23.724,23.6025833333333,24.2735833333333,23.9275,24.0741666666667,23.9761666666667
"55","Faroe Islands","Europe",7.37845454545455,7.12508333333333,7.88975,8.21875,7.85033333333333,7.31916666666667,7.8785,7.55075,7.50716666666667,7.99591666666667,6.82675,7.66858333333333,6.98141666666667
"56","Fiji","Oceania",25.6876363636364,25.7514166666667,25.7133333333333,25.4466666666667,25.50775,25.6434166666667,25.6315,26.0553333333333,25.7301666666667,25.2274166666667,25.9185,25.7228333333333,25.47825
"57","Finland","Europe",4.61272727272727,2.09525,2.23016666666667,2.49983333333333,2.61475,3.23025,2.89216666666667,3.09233333333333,3.20091666666667,2.43925,1.14375,3.54116666666667,1.90725
"58","France","Europe",14.6170909090909,13.6965,14.0481666666667,14.3379166666667,13.6640833333333,13.69425,14.1438333333333,13.8965833333333,13.5815,13.9416666666667,13.1154166666667,14.4795833333333,13.7071666666667
"59","French Guiana","Americas",26.1948181818182,26.35875,26.49175,26.7793333333333,26.73475,27.1989166666667,26.6178333333333,26.5195,26.4623333333333,26.73125,27.0186666666667,26.5913333333333,26.6563333333333
"60","French Polynesia","Oceania",26.5882727272727,26.6193333333333,26.9819166666667,26.9164166666667,26.7289166666667,26.8529166666667,26.83475,26.8125833333333,26.4840833333333,27.0320833333333,26.9414166666667,26.3968333333333,26.9198333333333
"61","Gabon","Africa",24.521,24.5135833333333,24.8339166666667,24.912,24.85325,24.9654166666667,25.15775,25.0635833333333,25.1279166666667,25.1346666666667,25.221,24.7309166666667,24.8316666666667
"62","Gambia","Africa",28.2611818181818,28.48975,28.5479166666667,28.2285833333333,28.3725,28.605,28.1773333333333,28.3649166666667,28.3460833333333,27.959,28.8029166666667,28.2825,28.3016666666667
"63","Georgia","Asia",10.3539090909091,9.86175,9.206,8.80458333333333,9.21858333333333,9.4135,9.40375,9.52591666666667,9.30858333333333,9.55208333333333,11.1024166666667,8.52375,9.78733333333333
"64","Germany","Europe",10.8668181818182,9.09041666666667,9.63733333333333,9.49425,9.05341666666667,9.12841666666667,9.706,9.9975,9.64216666666667,9.35916666666667,8.009,9.81958333333333,9.22716666666667
"65","Ghana","Africa",27.1658181818182,27.27875,27.4010833333333,27.5335,27.4158333333333,27.6011666666667,27.5815833333333,27.6276666666667,27.3678333333333,27.5575833333333,27.935,27.59975,27.2795
"66","Greece","Europe",16.7933636363636,15.9315833333333,15.6223333333333,15.4725833333333,15.4556666666667,15.1753333333333,15.2126666666667,16.08325,16.0549166666667,15.9561666666667,16.37125,15.2613333333333,16.0395
"67","Greenland","Americas",-16.3525454545455,-17.5964166666667,-16.8204166666667,-16.25625,-17.3011666666667,-16.15125,-17.1143333333333,-17.0741666666667,-17.3899166666667,-17.3164166666667,-15.5463333333333,-17.1743333333333,-16.77225
"68","Grenada","Americas",27.2890909090909,27.5071666666667,27.5311666666667,27.7165,27.47475,27.908,27.7436666666667,27.591,27.3636666666667,27.62675,28.1089166666667,27.6620833333333,27.6364166666667
"69","Guadeloupe","Americas",26.9544545454545,27.14525,27.2329166666667,27.38675,27.0415,27.5090833333333,27.3605833333333,27.3824166666667,26.8616666666667,27.1646666666667,27.6556666666667,27.1765,27.31825
"70","Guam","Oceania",27.5669090909091,27.595,27.4055,27.2653333333333,27.5464166666667,27.4656666666667,27.4288333333333,27.4020833333333,27.4839166666667,27.38725,27.2504166666667,27.2489166666667,27.3915833333333
"71","Guatemala","Americas",23.6764545454545,23.5844166666667,23.8335833333333,23.9938333333333,23.7979166666667,23.94825,23.80825,23.8185,23.4820833333333,23.9399166666667,23.6875833333333,23.8208333333333,23.8481666666667
"72","Guernsey","Europe",12.3482727272727,11.8764166666667,12.2450833333333,12.2355,11.9503333333333,12.0500833333333,12.18725,12.2276666666667,11.7615833333333,11.7325833333333,10.9608333333333,12.49575,11.6443333333333
"73","Guinea","Africa",25.9927272727273,26.2885,26.5148333333333,26.40975,26.4041666666667,26.50725,26.1205833333333,26.3173333333333,26.28775,26.3256666666667,26.59725,26.343,26.0631666666667
"74","Guyana","Americas",26.4451818181818,26.577,26.6080833333333,27.0036666666667,26.8715,27.0683333333333,26.8210833333333,26.70875,26.619,27.1015833333333,27.1160833333333,26.6834166666667,26.8001666666667
"75","Haiti","Americas",26.8323636363636,27.01375,27.2496666666667,27.3343333333333,27.1776666666667,27.1805833333333,27.22225,27.28825,26.9271666666667,27.1451666666667,27.0023333333333,26.9435833333333,27.0450833333333
"76","Honduras","Americas",25.3540909090909,25.15475,25.4325833333333,25.54875,25.4639166666667,25.6264166666667,25.5899166666667,25.3834166666667,25.1078333333333,25.5185833333333,25.2456666666667,25.47425,25.2605833333333
"77","Hong Kong","Asia",23.7945454545455,23.3679166666667,23.5985833333333,23.417,23.2474166666667,23.0569166666667,23.536,23.5716666666667,22.9015833333333,23.3511666666667,23.1438333333333,22.7681666666667,23.217
"78","Hungary","Europe",13.0162727272727,10.52375,11.4320833333333,10.5979166666667,10.3115,9.94258333333333,10.6290833333333,11.70725,11.5310833333333,11.3810833333333,10.3478333333333,10.877,11.2936666666667
"79","Iceland","Europe",2.47172727272727,2.36491666666667,2.66583333333333,3.34083333333333,2.94841666666667,2.20033333333333,2.6825,2.56141666666667,2.31291666666667,2.464,2.67641666666667,2.31541666666667,2.46341666666667
"80","India","Asia",25.1032727272727,24.5819166666667,24.913,24.6499166666667,24.6345833333333,24.4954166666667,24.7320833333333,24.6499166666667,24.406,25.1466666666667,25.0508333333333,24.4155833333333,24.6408333333333
"81","Indonesia","Asia",26.2171818181818,26.32975,26.529,26.4455,26.4348333333333,26.45375,26.38175,26.2930833333333,26.06525,26.455,26.537,26.20225,26.3220833333333
"82","Iraq","Asia",24.2415454545455,23.5170833333333,22.8955833333333,22.9594166666667,22.7789166666667,22.6960833333333,22.9043333333333,23.015,23.1181666666667,22.9980833333333,24.6503333333333,22.59325,23.4289166666667
"83","Ireland","Europe",10.52,10.0230833333333,10.4206666666667,10.5224166666667,10.4390833333333,10.57575,10.6541666666667,10.8426666666667,10.15875,10.15725,9.25816666666667,10.3454166666667,10.0358333333333
"84","Israel","Asia",21.0858181818182,20.92975,20.7283333333333,20.614,20.4905,20.43775,20.4091666666667,20.7015833333333,20.9300833333333,20.8314166666667,22.3111666666667,20.33125,21.0060833333333
"85","Italy","Europe",15.0595454545455,13.95425,13.934,14.2969166666667,13.5598333333333,13.0285833333333,13.7873333333333,14.0733333333333,13.88125,14.0529166666667,13.3249166666667,14.1731666666667,14.079
"86","Jamaica","Americas",26.6641818181818,26.7030833333333,27.00075,27.0658333333333,26.9038333333333,26.835,27.0341666666667,27.0139166666667,26.6215,26.8601666666667,26.52125,26.6405833333333,26.8850833333333
"87","Japan","Asia",13.7522727272727,12.45,12.8373333333333,12.507,13.4356666666667,12.5559166666667,12.7570833333333,13.1921666666667,12.8749166666667,12.9338333333333,13.2155833333333,12.73775,12.5656666666667
"88","Jersey","Europe",12.3482727272727,11.8764166666667,12.2450833333333,12.2355,11.9503333333333,12.0500833333333,12.18725,12.2276666666667,11.7615833333333,11.7325833333333,10.9608333333333,12.49575,11.6443333333333
"89","Jordan","Asia",21.0778181818182,20.7308333333333,20.3228333333333,20.3314166666667,20.25525,20.1374166666667,20.1733333333333,20.43975,20.57275,20.4985,22.228,20.1145,20.82025
"90","Kazakhstan","Asia",8.30390909090909,6.81308333333333,7.30158333333333,6.13141666666667,7.393,6.99883333333333,6.86983333333333,7.15516666666667,7.02891666666667,6.38208333333333,6.71,5.69625,6.07541666666667
"91","Kenya","Africa",24.7306363636364,24.4583333333333,24.66175,24.8583333333333,24.8670833333333,25.1336666666667,24.8200833333333,24.78875,24.64975,25.2280833333333,24.96125,24.96575,24.9254166666667
"92","Kiribati","Oceania",27.1630909090909,27.39225,27.6579166666667,27.7670833333333,27.6836666666667,27.8140833333333,27.756,27.2954166666667,26.961,27.6661666666667,27.5316666666667,27.1606666666667,27.3385
"93","Kuwait","Asia",27.5646363636364,26.65475,26.38675,26.4965833333333,26.1554166666667,25.9879166666667,26.3146666666667,26.3309166666667,26.2665833333333,26.4531666666667,27.6386666666667,26.0875,26.6755833333333
"94","Kyrgyzstan","Asia",5.98945454545454,4.781,4.709,4.04233333333333,5.02925,4.51808333333333,4.91733333333333,5.05325,4.57758333333333,4.34916666666667,4.59575,4.20158333333333,3.57691666666667
"95","Latvia","Europe",8.44518181818182,6.53925,6.91758333333333,6.27725,6.33408333333333,6.3745,6.97058333333333,7.27891666666667,7.68108333333333,6.55933333333333,5.71108333333333,7.24525,6.04333333333333
"96","Lebanon","Asia",19.2864545454545,19.06275,18.6770833333333,18.554,18.47425,18.39275,18.3143333333333,18.7551666666667,18.9571666666667,18.85225,20.2688333333333,18.2616666666667,18.9890833333333
"97","Lesotho","Africa",13.7160909090909,14.3334166666667,14.3873333333333,14.6848333333333,14.5629166666667,14.5765,13.9035,14.5253333333333,14.42775,14.2571666666667,14.9068333333333,14.0269166666667,14.3865
"98","Liberia","Africa",25.8230909090909,26.1535,26.2360833333333,26.3869166666667,26.2835,26.2909166666667,26.1831666666667,26.2898333333333,26.2974166666667,26.494,26.53275,26.2406666666667,25.9955833333333
"99","Libya","Africa",23.8238181818182,23.4131666666667,23.4094166666667,23.369,23.2784166666667,23.2566666666667,23.3150833333333,23.3258333333333,23.4743333333333,23.3798333333333,24.5159166666667,22.9883333333333,23.2706666666667
"100","Liechtenstein","Europe",7.34663636363636,5.58841666666667,6.26366666666667,6.12466666666667,5.43041666666667,5.013,5.94116666666667,6.27925,5.94225,5.8935,4.84783333333333,6.56308333333333,5.87608333333333
"101","Lithuania","Europe",9.07227272727273,7.12041666666667,7.70608333333333,6.83033333333333,6.83533333333333,6.921,7.422,7.854,8.17533333333333,7.09608333333333,6.32583333333333,7.635,6.72358333333333
"102","Luxembourg","Europe",11.553,10.2065833333333,10.714,10.7005833333333,9.98308333333333,10.3080833333333,10.7303333333333,10.7616666666667,10.1286666666667,10.3280833333333,9.13466666666667,11.032,10.10925
"103","Madagascar","Africa",23.1115454545455,23.5869166666667,23.6175,23.49525,23.453,23.6218333333333,23.6611666666667,23.64975,23.33225,23.6186666666667,23.8461666666667,23.7768333333333,23.3253333333333
"104","Malawi","Africa",21.5716363636364,21.99875,22.224,22.2335,21.8659166666667,22.8111666666667,22.1021666666667,22.0983333333333,21.8225,22.0148333333333,22.6006666666667,22.31325,21.8874166666667
"105","Malaysia","Asia",26.4383636363636,26.5000833333333,26.7455,26.57675,26.576,26.6495833333333,26.5776666666667,26.4963333333333,26.2540833333333,26.642,26.8066666666667,26.4405833333333,26.62275
"106","Mali","Africa",29.7154545454545,29.3108333333333,29.4265,29.429,29.426,29.52625,29.0379166666667,29.2021666666667,28.9499166666667,29.4409166666667,30.1270833333333,29.4366666666667,28.6018333333333
"107","Malta","Europe",20.3195454545455,19.9096666666667,19.5518333333333,19.7565833333333,19.1711666666667,18.8750833333333,19.6013333333333,19.7499166666667,19.8181666666667,19.57925,19.6644166666667,19.3135,19.8291666666667
"108","Martinique","Americas",26.7197272727273,26.9021666666667,26.9356666666667,27.08,26.8296666666667,27.31925,27.1485833333333,27.0944166666667,26.6646666666667,26.9505,27.4868333333333,26.9878333333333,27.1123333333333
"109","Mauritania","Africa",29.1,28.8784166666667,28.65025,28.5588333333333,28.62825,28.75225,28.4505,28.4519166666667,28.395,28.4313333333333,29.3729166666667,28.6329166666667,28.0268333333333
"110","Mauritius","Africa",23.7599090909091,24.4905,24.39575,24.5170833333333,24.2545833333333,24.1559166666667,24.31975,24.2843333333333,24.189,24.5848333333333,24.6690833333333,24.5223333333333,24.374
"111","Mayotte","Africa",26.5387272727273,27.0280833333333,27.3739166666667,27.142,27.0085,27.266,27.15125,27.2565833333333,26.9146666666667,27.238,27.4514166666667,27.1885833333333,26.97
"112","Mexico","Americas",21.6987272727273,21.133,21.225,21.3294166666667,20.9248333333333,21.4135,21.4180833333333,21.0793333333333,21.08525,21.5460833333333,20.8529166666667,21.5993333333333,21.6524166666667
"113","Monaco","Europe",11.1451818181818,10.2118333333333,10.2601666666667,10.7260833333333,9.93825,9.51841666666667,10.4549166666667,10.411,9.97425,10.4294166666667,9.22366666666667,10.7235,10.2486666666667
"114","Mongolia","Asia",2.36518181818182,0.750333333333333,1.09591666666667,0.0464166666666666,1.09066666666667,-0.139833333333333,0.951916666666667,2.07558333333333,1.11558333333333,0.5645,-0.318666666666667,-0.0920000000000003,-0.59625
"115","Montenegro","Europe",12.8746363636364,11.23525,11.4171666666667,11.27825,10.82125,10.12575,10.5608333333333,11.5950833333333,11.6276666666667,11.4626666666667,11.2444166666667,11.2346666666667,11.5318333333333
"116","Montserrat","Americas",27.0122727272727,27.2046666666667,27.30575,27.4616666666667,27.093,27.55525,27.4124166666667,27.4529166666667,26.9098333333333,27.21675,27.6965833333333,27.2225,27.3685
"117","Morocco","Africa",19.4517272727273,19.2339166666667,18.7125833333333,18.856,18.486,18.58075,18.7931666666667,18.4196666666667,18.3821666666667,19.01075,19.435,18.8788333333333,18.66875
"118","Mozambique","Africa",23.722,24.2509166666667,24.4281666666667,24.42325,24.0725833333333,24.83375,24.3034166666667,24.2244166666667,24.0305,24.0813333333333,24.60575,24.3021666666667,24.0095833333333
"119","Namibia","Africa",20.8190909090909,21.2371666666667,21.5475833333333,22.0408333333333,21.6438333333333,21.4739166666667,20.3818333333333,21.1805833333333,21.0210833333333,20.97625,21.39225,20.3504166666667,20.795
"120","Nepal","Asia",16.0846363636364,15.59025,15.6486666666667,15.47025,15.5518333333333,15.6161666666667,16.056,15.6570833333333,15.4090833333333,16.077,16.114,15.2806666666667,15.4198333333333
"121","Netherlands","Europe",11.7031818181818,10.579,11.0155,10.6998333333333,10.6275,10.8236666666667,11.2913333333333,11.3884166666667,10.7945833333333,10.7071666666667,9.26458333333333,11.076,10.4381666666667
"122","New Caledonia","Oceania",23.0838181818182,23.49875,23.4690833333333,23.26175,23.3676666666667,23.3605,23.1941666666667,23.74325,23.6633333333333,23.2741666666667,23.8685,23.5305833333333,23.2134166666667
"123","New Zealand","Oceania",10.7690909090909,11.1910833333333,10.9975833333333,10.93025,10.4754166666667,11.3754166666667,10.7038333333333,11.0851666666667,11.1716666666667,10.6535833333333,11.33575,11.16325,10.6569166666667
"124","Nicaragua","Americas",26.5122727272727,26.41,26.6649166666667,26.93225,26.7785833333333,26.8385,26.9360833333333,26.8230833333333,26.3885,26.7816666666667,26.6189166666667,26.614,26.5319166666667
"125","Niger","Africa",28.6702727272727,28.118,28.1496666666667,28.30225,28.3715833333333,28.6364166666667,28.2910833333333,28.4119166666667,27.9014166666667,28.8504166666667,29.2999166666667,28.4874166666667,28.07275
"126","Nigeria","Africa",27.1854545454545,27.0946666666667,27.46425,27.429,27.5695,27.7245833333333,27.7950833333333,27.6900833333333,27.3256666666667,27.9029166666667,28.00425,27.62225,27.4079166666667
"127","Niue","Oceania",25.6685454545455,25.8070833333333,25.987,25.6870833333333,25.8405833333333,25.6995,25.46475,25.98975,25.6174166666667,25.109,26.01175,25.9824166666667,25.8055833333333
"128","Northern Mariana Islands","Oceania",27.5669090909091,27.595,27.4055,27.2653333333333,27.5464166666667,27.4656666666667,27.4288333333333,27.4020833333333,27.4839166666667,27.38725,27.2504166666667,27.2489166666667,27.3915833333333
"129","Norway","Europe",2.43290909090909,0.7025,1.37075,1.28333333333333,1.52491666666667,1.80733333333333,2.25666666666667,1.75158333333333,1.6425,1.3855,-0.2155,2.11891666666667,1.14166666666667
"130","Oman","Asia",28.5630909090909,28.0833333333333,27.9941666666667,28.269,28.1251666666667,28.07375,28.0448333333333,28.363,27.7519166666667,28.3425,28.4586666666667,28.1506666666667,28.2115833333333
"131","Pakistan","Asia",22.8704545454545,21.9304166666667,22.0255,21.4320833333333,22.1430833333333,21.2724166666667,21.6369166666667,21.6909166666667,21.5351666666667,21.9114166666667,22.0879166666667,21.76825,21.198
"132","Palau","Oceania",27.6984545454545,27.7585833333333,27.8018333333333,27.6295833333333,27.8889166666667,27.71875,27.8144166666667,27.84275,27.62575,27.7169166666667,27.76775,27.5534166666667,27.72125
"133","Panama","Americas",26.7639090909091,26.6658333333333,27.207,27.2484166666667,27.1059166666667,27.085,27.13175,27.0594166666667,26.8006666666667,27.26975,27.0291666666667,26.70925,27.0825
"134","Papua New Guinea","Oceania",24.9053636363636,25.0546666666667,25.0963333333333,25.0668333333333,24.9089166666667,25.03375,24.739,24.8826666666667,24.7759166666667,24.7831666666667,25.342,24.8298333333333,24.8435833333333
"135","Paraguay","Americas",23.1580909090909,24.28825,24.759,24.2638333333333,23.8045,23.8200833333333,24.3765833333333,23.7266666666667,23.8183333333333,24.1885833333333,23.6154166666667,23.9915,24.46575
"136","Peru","Americas",20.2123636363636,20.22575,20.536,20.4855833333333,20.4430833333333,20.4505833333333,20.541,20.1916666666667,20.2264166666667,20.5230833333333,20.5845,20.2840833333333,20.46
"137","Philippines","Asia",27.1099090909091,27.10425,27.0831666666667,27.0148333333333,27.0898333333333,27.1443333333333,27.1780833333333,27.162,26.87575,27.00875,27.3565,26.7859166666667,27.1489166666667
"138","Poland","Europe",10.6743636363636,8.33383333333333,9.17116666666667,8.38508333333333,8.3905,8.4185,8.79991666666667,9.41808333333333,9.46916666666667,8.65291666666667,7.62141666666667,8.95166666666667,8.53775
"139","Portugal","Europe",16.1533636363636,15.40775,15.4631666666667,15.8158333333333,15.4638333333333,15.5369166666667,16.0025833333333,15.2410833333333,15.27,15.9835,15.68425,16.0664166666667,15.3921666666667
"140","Puerto Rico","Americas",25.9939090909091,26.27025,26.482,26.5106666666667,26.0995,26.4296666666667,26.45225,26.6178333333333,26.0983333333333,26.338,26.63825,26.2208333333333,26.4695833333333
"141","Qatar","Asia",28.8618181818182,28.3056666666667,28.1855,28.3250833333333,28.1404166666667,28.0130833333333,28.0714166666667,28.1704166666667,27.8653333333333,28.1225,28.8895833333333,28.1615,28.4845
"142","Romania","Europe",11.8804545454545,9.63858333333333,10.3926666666667,9.34016666666667,9.55816666666667,9.12316666666667,9.469,10.8683333333333,10.461,10.4706666666667,9.85166666666667,9.569,10.3010833333333
"143","Rwanda","Africa",19.761,19.66125,19.94725,20.0943333333333,20.0849166666667,20.4325833333333,20.1628333333333,19.76325,19.7305,20.0226666666667,20.2670833333333,19.77375,19.9594166666667
"144","Saint Lucia","Americas",27.1994545454545,27.42125,27.4628333333333,27.6076666666667,27.3779166666667,27.8586666666667,27.6921666666667,27.58325,27.2086666666667,27.495,28.0059166666667,27.5401666666667,27.5789166666667
"145","Samoa","Oceania",26.8313636363636,26.9538333333333,27.2366666666667,27.0226666666667,27.05775,27.1243333333333,26.835,27.14925,26.6711666666667,26.7283333333333,27.1616666666667,26.7155833333333,26.9266666666667
"146","San Marino","Europe",16.3771818181818,15.14125,15.1380833333333,15.3570833333333,14.6268333333333,13.9486666666667,14.79,15.3708333333333,15.2076666666667,15.351,14.4150833333333,15.4549166666667,15.3279166666667
"147","Saudi Arabia","Asia",27.6219090909091,26.7696666666667,26.6273333333333,26.8166666666667,26.519,26.4955,26.5585833333333,26.6825833333333,26.47775,26.82775,27.5300833333333,26.63525,26.9889166666667
"148","Senegal","Africa",28.7743636363636,28.9363333333333,28.9781666666667,28.7041666666667,28.8520833333333,28.9550833333333,28.63075,28.8168333333333,28.7960833333333,28.47375,29.3023333333333,28.7749166666667,28.6355833333333
"149","Serbia","Europe",13.178,10.9131666666667,11.4134166666667,10.7955,10.6165,9.92258333333333,10.5741666666667,11.7459166666667,11.6663333333333,11.4121666666667,10.9925,10.823,11.45175
"150","Seychelles","Africa",27.1867272727273,27.4678333333333,27.5310833333333,27.6854166666667,27.25775,27.4684166666667,27.4701666666667,27.7125833333333,27.3768333333333,27.74125,27.7448333333333,27.7316666666667,27.7725833333333
"151","Sierra Leone","Africa",26.5177272727273,26.82675,26.9926666666667,26.9924166666667,26.9789166666667,27.0285833333333,26.71775,26.8374166666667,26.97875,26.985,27.1771666666667,26.92625,26.6764166666667
"152","Singapore","Asia",27.1947272727273,27.1893333333333,27.4060833333333,27.3118333333333,27.3286666666667,27.4935833333333,27.3284166666667,27.13,27.0676666666667,27.4733333333333,27.6035,27.2821666666667,27.3035833333333
"153","Slovakia","Europe",10.6837272727273,8.30775,9.13641666666667,8.48708333333333,8.14558333333333,7.93691666666667,8.52833333333333,9.47891666666667,9.39741666666667,9.00166666666667,8.073,8.846,8.87316666666667
"154","Slovenia","Europe",12.7946363636364,10.8946666666667,11.33725,11.0096666666667,10.24125,9.79508333333333,10.7234166666667,11.4625833333333,11.2479166666667,11.2374166666667,10.194,11.2080833333333,11.27825
"155","Solomon Islands","Oceania",27.2653636363636,27.4483333333333,27.3754166666667,27.37975,27.1785833333333,27.3833333333333,27.2074166666667,27.3214166666667,27.1839166666667,27.3878333333333,27.58625,27.23575,27.18
"156","Somalia","Africa",27.9311818181818,27.4778333333333,27.516,27.7871666666667,27.6836666666667,27.8324166666667,27.6531666666667,27.87275,27.4513333333333,27.9450833333333,27.821,27.9244166666667,27.9385
"157","South Africa","Africa",17.2319090909091,17.8679166666667,17.9494166666667,18.2616666666667,18.0828333333333,18.2179166666667,17.5975,17.98625,17.9560833333333,17.886,18.3026666666667,17.5524166666667,17.8469166666667
"158","Spain","Europe",15.3602727272727,14.6160833333333,14.6479166666667,14.9969166666667,14.3964166666667,14.3035833333333,15.1059166666667,14.2413333333333,14.2295,14.9680833333333,14.246,15.3210833333333,14.58
"159","Sri Lanka","Asia",27.6135454545455,27.6630833333333,27.7959166666667,27.7974166666667,27.6063333333333,27.7238333333333,27.572,27.5565,27.4411666666667,27.7454166666667,27.8835,27.6691666666667,27.9498333333333
"160","Sudan","Africa",27.8827272727273,27.7258333333333,27.9054166666667,27.85375,27.8933333333333,28.0328333333333,27.7294166666667,27.6475,27.8415,28.3479166666667,28.6476666666667,27.8075833333333,27.8685
"161","Suriname","Americas",26.6700909090909,26.8040833333333,26.9039166666667,27.1955833333333,27.1503333333333,27.4839166666667,27.0456666666667,26.9085833333333,26.9195,27.2330833333333,27.4125833333333,27.0605,27.1894166666667
"162","Swaziland","Africa",18.8052727272727,19.546,19.5961666666667,19.9971666666667,19.4699166666667,19.97575,19.2668333333333,19.615,19.4206666666667,19.293,19.7563333333333,19.359,19.57175
"163","Sweden","Europe",5.26036363636364,3.13966666666667,3.79533333333333,3.733,3.64775,4.00016666666667,4.35416666666667,4.08058333333333,4.218,3.50241666666667,1.6585,4.51875,2.97283333333333
"164","Switzerland","Europe",9.50563636363636,7.97975,8.48483333333333,8.66975,7.84608333333333,7.57391666666667,8.33775,8.55275,8.10966666666667,8.30066666666667,7.2265,8.84733333333333,8.15925
"165","Tajikistan","Asia",6.57654545454545,5.71816666666667,5.29125,4.89016666666667,5.83808333333333,5.1845,5.53133333333333,5.44116666666667,5.17466666666667,5.09691666666667,5.56408333333333,5.35158333333333,4.33758333333333
"166","Thailand","Asia",26.5085454545455,26.6798333333333,26.7860833333333,26.649,26.5,26.8331666666667,26.7448333333333,26.6369166666667,26.222,26.6480833333333,27.3896666666667,26.2516666666667,27.289
"167","Togo","Africa",27.3329090909091,27.4105,27.49725,27.66675,27.5349166666667,27.7666666666667,27.7685,27.8638333333333,27.4649166666667,27.7103333333333,28.0594166666667,27.772,27.4199166666667
"168","Tonga","Oceania",23.8084545454545,23.9950833333333,23.8931666666667,23.9195,23.8915833333333,23.7920833333333,23.816,24.1785833333333,23.8485833333333,23.1369166666667,24.1144166666667,24.2366666666667,23.8416666666667
"169","Tunisia","Africa",22.2037272727273,21.70125,21.3284166666667,21.4775833333333,20.9450833333333,20.84575,21.31,21.1546666666667,21.2045833333333,21.0925,21.60975,20.9949166666667,21.4791666666667
"170","Turkey","Asia",13.4004545454545,13.28325,12.339,12.3313333333333,12.3101666666667,12.4329166666667,12.4500833333333,12.8153333333333,12.6578333333333,12.8148333333333,14.2816666666667,11.9145,12.8544166666667
"171","Turkmenistan","Asia",17.692,16.5738333333333,16.3795833333333,15.6424166666667,16.6638333333333,16.5791666666667,16.51,16.3020833333333,15.8580833333333,16.3554166666667,17.0438333333333,15.7861666666667,15.8558333333333
"172","Uganda","Africa",23.5347272727273,23.4058333333333,23.8305,23.8438333333333,23.8119166666667,24.0298333333333,23.7700833333333,23.4905,23.49625,24.0471666666667,23.9223333333333,23.72675,23.8056666666667
"173","Ukraine","Europe",10.5944545454545,8.93866666666667,9.37716666666667,8.21966666666667,8.8505,8.91733333333333,8.45466666666667,10.0554166666667,9.55975,9.4285,9.453,8.79083333333333,9.29066666666667
"174","United Arab Emirates","Asia",29.6626363636364,29.0095833333333,29.058,29.2283333333333,29.104,28.9929166666667,28.9840833333333,29.1560833333333,28.685,29.1276666666667,29.6713333333333,29.2054166666667,29.4258333333333
"175","Uruguay","Americas",17.0892727272727,18.57425,17.9939166666667,17.6046666666667,18.0608333333333,18.1944166666667,18.2404166666667,17.5161666666667,18.2805,17.8713333333333,17.9200833333333,17.8245833333333,18.509
"176","Uzbekistan","Asia",15.2353636363636,13.998,13.8719166666667,13.1576666666667,14.442,14.044,13.78625,13.9283333333333,13.309,13.7003333333333,14.3259166666667,13.1410833333333,13.1441666666667
"177","Western Sahara","Africa",23.6706363636364,23.7049166666667,23.4578333333333,23.4089166666667,23.4206666666667,23.5076666666667,23.4418333333333,23.1454166666667,23.3230833333333,23.3810833333333,24.11425,23.40125,23.3034166666667
"178","Yemen","Asia",28.0088181818182,27.0689166666667,27.1251666666667,27.35775,27.3340833333333,27.2946666666667,27.175,27.31075,26.8075,27.3424166666667,27.30275,27.28825,27.445
"179","Zambia","Africa",21.5034545454545,21.8024166666667,22.2924166666667,22.15675,21.7680833333333,22.8135,21.78425,21.8385,21.5358333333333,21.67025,22.2675,21.7715833333333,21.69775
"180","Zimbabwe","Africa",20.9567272727273,21.6936666666667,22.0810833333333,21.89125,21.3309166666667,22.5099166666667,21.61875,21.60425,21.5455833333333,21.37725,21.98625,21.6024166666667,21.5213333333333
